{
  "accuracy": 0.9337016574585635,
  "precision_weighted": 0.9335677311495798,
  "recall_weighted": 0.9337016574585635,
  "f1_weighted": 0.933294027836467,
  "classification_report": {
    "Damaged": {
      "precision": 0.9090909090909091,
      "recall": 0.8490566037735849,
      "f1-score": 0.8780487804878049,
      "support": 106.0
    },
    "Old": {
      "precision": 0.9444444444444444,
      "recall": 0.918918918918919,
      "f1-score": 0.9315068493150684,
      "support": 222.0
    },
    "Ripe": {
      "precision": 0.9254385964912281,
      "recall": 0.9590909090909091,
      "f1-score": 0.9419642857142857,
      "support": 220.0
    },
    "Unripe": {
      "precision": 0.9447513812154696,
      "recall": 0.9715909090909091,
      "f1-score": 0.957983193277311,
      "support": 176.0
    },
    "accuracy": 0.9337016574585635,
    "macro avg": {
      "precision": 0.9309313328105128,
      "recall": 0.9246643352185805,
      "f1-score": 0.9273757771986175,
      "support": 724.0
    },
    "weighted avg": {
      "precision": 0.9335677311495798,
      "recall": 0.9337016574585635,
      "f1-score": 0.933294027836467,
      "support": 724.0
    }
  }
}