{
  "accuracy": [
    0.7813853025436401,
    0.78125,
    0.895794689655304,
    0.90625,
    0.907699465751648,
    0.9375,
    0.9194496273994446,
    0.90625,
    0.9298082590103149,
    0.71875
  ],
  "loss": [
    0.6454819440841675,
    0.6584553718566895,
    0.26633235812187195,
    0.18675227463245392,
    0.23442614078521729,
    0.16357563436031342,
    0.20916421711444855,
    0.1746605485677719,
    0.18871010839939117,
    0.5345344543457031
  ],
  "val_accuracy": [
    0.9204545617103577,
    0.9204545617103577,
    0.9261363744735718,
    0.9261363744735718,
    0.9261363744735718,
    0.9261363744735718,
    0.9318181872367859,
    0.9318181872367859,
    0.9275568127632141,
    0.9275568127632141
  ],
  "val_loss": [
    0.16811475157737732,
    0.1678939312696457,
    0.1771693080663681,
    0.17689909040927887,
    0.16158613562583923,
    0.16142481565475464,
    0.1601840853691101,
    0.15974685549736023,
    0.1647806316614151,
    0.16523976624011993
  ],
  "learning_rate": [
    9.999999747378752e-06,
    9.999999747378752e-06,
    9.999999747378752e-06,
    9.999999747378752e-06,
    9.999999747378752e-06,
    9.999999747378752e-06,
    9.999999747378752e-06,
    9.999999747378752e-06,
    9.999999747378752e-06,
    9.999999747378752e-06
  ]
}