{
  "accuracy": [
    0.7636054158210754,
    0.84375,
    0.8894557952880859,
    0.84375,
    0.9042980670928955,
    0.90625,
    0.9143475294113159,
    0.875,
    0.9217687249183655,
    0.9375
  ],
  "loss": [
    0.6208509802818298,
    0.4449217915534973,
    0.28941285610198975,
    0.474946528673172,
    0.24990490078926086,
    0.1793001890182495,
    0.21968422830104828,
    0.17542873322963715,
    0.2013929933309555,
    0.2600245177745819
  ],
  "val_accuracy": [
    0.8849431872367859,
    0.8849431872367859,
    0.9005681872367859,
    0.8991477489471436,
    0.8991477489471436,
    0.8991477489471436,
    0.9048295617103577,
    0.9048295617103577,
    0.9090909361839294,
    0.9090909361839294
  ],
  "val_loss": [
    0.26242610812187195,
    0.26229235529899597,
    0.240739107131958,
    0.24071674048900604,
    0.2164289504289627,
    0.21621662378311157,
    0.18424957990646362,
    0.18398933112621307,
    0.1832531839609146,
    0.18339481949806213
  ],
  "learning_rate": [
    9.999999747378752e-06,
    9.999999747378752e-06,
    9.999999747378752e-06,
    9.999999747378752e-06,
    9.999999747378752e-06,
    9.999999747378752e-06,
    9.999999747378752e-06,
    9.999999747378752e-06,
    9.999999747378752e-06,
    9.999999747378752e-06
  ]
}